{"cameraMode":{"drawMode":0,"name":"Shaded","section":"Shading Mode"},"sceneLighting":true,"audioPlay":false,"sceneViewState":{"m_AlwaysRefresh":false,"showFog":true,"showSkybox":true,"showFlares":true,"showImageEffects":true,"showParticleSystems":true,"showVisualEffectGraphs":true,"m_FxEnabled":true},"in2DMode":false,"pivot":{"x":0.7772616147994995,"y":0.7981482148170471,"z":14.341520309448243},"rotation":{"x":0.15219558775424958,"y":-0.06319131702184677,"z":0.010611928068101406,"w":0.9872496724128723},"size":4.108894348144531,"orthographic":false}