{"cameraMode":{"drawMode":0,"name":"Shaded","section":"Shading Mode"},"sceneLighting":true,"audioPlay":false,"sceneViewState":{"m_AlwaysRefresh":false,"showFog":true,"showSkybox":true,"showFlares":true,"showImageEffects":true,"showParticleSystems":true,"showVisualEffectGraphs":true,"m_FxEnabled":true},"in2DMode":false,"pivot":{"x":18.321311950683595,"y":-160.49679565429688,"z":553.0225830078125},"rotation":{"x":-0.14648590981960298,"y":-0.016961175948381425,"z":0.0023143687285482885,"w":-0.9892197847366333},"size":293.41351318359377,"orthographic":false}