{"cameraMode":{"drawMode":0,"name":"Shaded","section":"Shading Mode"},"sceneLighting":true,"audioPlay":false,"sceneViewState":{"m_AlwaysRefresh":false,"showFog":true,"showSkybox":true,"showFlares":true,"showImageEffects":true,"showParticleSystems":true,"showVisualEffectGraphs":true,"m_FxEnabled":true},"in2DMode":false,"pivot":{"x":-1.8085947036743165,"y":-0.6458356976509094,"z":86.17605590820313},"rotation":{"x":0.27572089433670046,"y":-0.14237180352210999,"z":0.04358793795108795,"w":0.9506715536117554},"size":6.345915794372559,"orthographic":false}