{"cameraMode":{"drawMode":0,"name":"Shaded","section":"Shading Mode"},"sceneLighting":true,"audioPlay":false,"sceneViewState":{"m_AlwaysRefresh":false,"showFog":true,"showSkybox":true,"showFlares":true,"showImageEffects":true,"showParticleSystems":true,"showVisualEffectGraphs":true,"m_FxEnabled":true},"in2DMode":false,"pivot":{"x":136.92135620117188,"y":113.02337646484375,"z":-109.67127990722656},"rotation":{"x":-0.19907121360301972,"y":0.6525874137878418,"z":-0.18357665836811067,"w":-0.7077152132987976},"size":0.029432345181703569,"orthographic":false}